date;D1;D2;D3;D4;D5;D6;D7;D8;D9;D10;D11;D12;D13;D14;D15;D16;D17;D18;D19;D20;D21;D22;D23;D24;D25;D26;D27;D28;D29;D30;D31
01/01/2017 0:00:00;2832,000000;2869,000000;1808,000000;1288,000000;1655,000000;3648,000000;3342,000000;3811,000000;3775,000000;2717,000000;3419,000000;6063,000000;8935,000000;8663,000000;8226,000000;9266,000000;9322,000000;10375,000000;4860,000000;1087,000000;8462,000000;8750,000000;9360,000000;9625,000000;8561,000000;3342,000000;2409,000000;3708,000000;2957,000000;4007,000000;4770,000000
01/02/2017 0:00:00;2017,000000;2294,000000;2731,000000;1980,000000;3884,000000;5112,000000;1604,000000;5404,000000;4523,000000;3307,000000;3307,000000;1896,000000;3415,000000;3541,000000;4099,000000;4505,000000;5244,000000;4163,000000;5017,000000;5774,000000;5241,000000;7413,000000;883,000000;5545,000000;5114,000000;2897,000000;3046,000000;2887,000000;;;
01/03/2017 0:00:00;5129,000000;6224,000000;1627,000000;3101,000000;2522,000000;4271,000000;6426,000000;6946,000000;10062,000000;11562,000000;8089,000000;9772,000000;2920,000000;1288,000000;7739,000000;6772,000000;6689,000000;7644,000000;7702,000000;7794,000000;5195,000000;3773,000000;4800,000000;5696,000000;5613,000000;4101,000000;4474,000000;6661,000000;11492,000000;9756,000000;9820,000000
01/04/2017 0:00:00;12463,000000;12489,000000;13273,000000;13427,000000;13714,000000;14033,000000;13089,000000;12686,000000;12738,000000;13251,000000;13180,000000;12196,000000;10786,000000;12442,000000;10698,000000;9704,000000;13127,000000;12557,000000;9294,000000;10327,000000;11167,000000;9981,000000;8884,000000;8004,000000;9217,000000;7538,000000;9410,000000;1437,000000;4853,000000;4428,000000;
01/05/2017 0:00:00;12867,000000;14241,000000;13274,000000;9507,000000;5812,000000;10215,000000;13195,000000;13165,000000;12882,000000;7128,000000;7991,000000;6716,000000;6266,000000;8053,000000;8258,000000;8621,000000;9440,000000;15473,000000;15603,000000;14140,000000;2547,000000;14133,000000;14103,000000;11084,000000;9842,000000;11540,000000;10378,000000;6025,000000;9031,000000;12454,000000;11377,000000
01/06/2017 0:00:00;10990,000000;8230,000000;13892,000000;14058,000000;14891,000000;15238,000000;14369,000000;11765,000000;12672,000000;13480,000000;12996,000000;11778,000000;12876,000000;12922,000000;12525,000000;8956,000000;9383,000000;10438,000000;9543,000000;11766,000000;13554,000000;13709,000000;13888,000000;9551,000000;6679,000000;14136,000000;11371,000000;8819,000000;10737,000000;11206,000000;
01/07/2017 0:00:00;10727,000000;10570,000000;10023,000000;10010,000000;10143,000000;4692,000000;6728,000000;7653,000000;9863,000000;12465,000000;14002,000000;12166,000000;9252,000000;12416,000000;13444,000000;12696,000000;8993,000000;9845,000000;13904,000000;13750,000000;14421,000000;13685,000000;13403,000000;13590,000000;13392,000000;10807,000000;11436,000000;12557,000000;11044,000000;11499,000000;11182,000000
01/08/2017 0:00:00;10281,000000;13432,000000;13361,000000;12833,000000;12635,000000;12823,000000;11697,000000;14146,000000;12785,000000;13843,000000;13408,000000;12407,000000;10689,000000;11907,000000;10846,000000;12001,000000;11326,000000;11396,000000;11192,000000;11092,000000;11059,000000;10643,000000;10354,000000;10583,000000;8892,000000;4640,000000;7183,000000;9015,000000;7061,000000;9034,000000;11215,000000
01/09/2017 0:00:00;11756,000000;11073,000000;9546,000000;12175,000000;11109,000000;10529,000000;10000,000000;10912,000000;8162,000000;11667,000000;11335,000000;11570,000000;11695,000000;10719,000000;12520,000000;11836,000000;10503,000000;11233,000000;11000,000000;11133,000000;9438,000000;9181,000000;9248,000000;10553,000000;12106,000000;11876,000000;5652,000000;7710,000000;9517,000000;9287,000000;
01/10/2017 0:00:00;9687,000000;11331,000000;10673,000000;9721,000000;10664,000000;10373,000000;10659,000000;10168,000000;10323,000000;9546,000000;9512,000000;8813,000000;8878,000000;4661,000000;8666,000000;8408,000000;1833,000000;3538,000000;6871,000000;3499,000000;3498,000000;9524,000000;10746,000000;10215,000000;10932,000000;10758,000000;10558,000000;10298,000000;10042,000000;10601,000000;9872,000000
01/11/2017 0:00:00;8516,000000;2674,000000;3552,000000;3192,000000;4362,000000;5055,000000;5027,000000;4936,000000;5117,000000;4871,000000;4715,000000;4785,000000;4639,000000;4648,000000;4456,000000;4369,000000;4284,000000;4152,000000;4179,000000;4205,000000;4173,000000;3840,000000;2332,000000;3341,000000;960,000000;3689,000000;2981,000000;1055,000000;1901,000000;4198,000000;
01/12/2017 0:00:00;4068,000000;4025,000000;4117,000000;3989,000000;3956,000000;3806,000000;3038,000000;3510,000000;2496,000000;1309,000000;2678,000000;3895,000000;3790,000000;1002,000000;1094,000000;3814,000000;3824,000000;3728,000000;3707,000000;3640,000000;3549,000000;3593,000000;3675,000000;3411,000000;2189,000000;1499,000000;2767,000000;677,000000;1355,000000;2573,000000;1743,000000
01/01/2018 0:00:00;3721,000000;2850,000000;823,000000;754,000000;1685,000000;2252,000000;1702,000000;2593,000000;1014,000000;2164,000000;2773,000000;3530,000000;800,000000;1885,000000;4205,000000;4090,000000;2510,000000;4275,000000;4158,000000;3898,000000;4312,000000;2495,000000;2622,000000;4177,000000;1580,000000;3925,000000;4612,000000;2917,000000;4383,000000;4309,000000;2467,000000
01/02/2018 0:00:00;3817,000000;5124,000000;5148,000000;3280,000000;3481,000000;4471,000000;4975,000000;5713,000000;3755,000000;2634,000000;4996,000000;4666,000000;5794,000000;3791,000000;4274,000000;5899,000000;5606,000000;5939,000000;5826,000000;6102,000000;11237,000000;11988,000000;11870,000000;9600,000000;9342,000000;7933,000000;3921,000000;1739,000000;;;
01/03/2018 0:00:00;2316,000000;3748,000000;2256,000000;5108,000000;3954,000000;2071,000000;5280,000000;4091,000000;2847,000000;3229,000000;4123,000000;5638,000000;5852,000000;2623,000000;5556,000000;5857,000000;1602,000000;5072,000000;2554,000000;6750,000000;8427,000000;8706,000000;2001,000000;7711,000000;5577,000000;8549,000000;8669,000000;8714,000000;7694,000000;6148,000000;8085,000000
01/04/2018 0:00:00;8191,000000;6890,000000;6712,000000;6550,000000;8463,000000;8190,000000;6073,000000;6077,000000;4307,000000;1889,000000;8258,000000;2701,000000;6568,000000;9576,000000;3965,000000;9481,000000;9743,000000;9466,000000;9629,000000;8953,000000;4369,000000;6666,000000;7317,000000;5523,000000;8415,000000;8641,000000;9365,000000;7032,000000;6585,000000;6952,000000;
01/05/2018 0:00:00;7192,000000;10007,000000;8130,000000;10269,000000;9623,000000;6544,000000;8790,000000;9139,000000;9477,000000;9119,000000;11252,000000;10535,000000;12786,000000;10143,000000;13180,000000;12116,000000;12627,000000;4058,000000;7926,000000;5550,000000;8745,000000;11258,000000;7328,000000;4611,000000;6106,000000;7995,000000;8927,000000;8934,000000;7935,000000;5908,000000;11887,000000
01/06/2018 0:00:00;10681,000000;8949,000000;11814,000000;5263,000000;5953,000000;6225,000000;10156,000000;4661,000000;5379,000000;7022,000000;3642,000000;11774,000000;12083,000000;12010,000000;11963,000000;11529,000000;10991,000000;10468,000000;10235,000000;10482,000000;9348,000000;10052,000000;10737,000000;10664,000000;11111,000000;10763,000000;11960,000000;9842,000000;9517,000000;8404,000000;
01/07/2018 0:00:00;8296,000000;8746,000000;11972,000000;12700,000000;13206,000000;10826,000000;11990,000000;12037,000000;12173,000000;12289,000000;12556,000000;10814,000000;11793,000000;13006,000000;9387,000000;12066,000000;11853,000000;11836,000000;12163,000000;11965,000000;12038,000000;11636,000000;11939,000000;11787,000000;11647,000000;11479,000000;11706,000000;11888,000000;11925,000000;11539,000000;11652,000000
01/08/2018 0:00:00;9922,000000;9753,000000;9283,000000;9455,000000;10413,000000;9654,000000;10507,000000;11280,000000;11698,000000;11086,000000;8841,000000;9843,000000;11780,000000;11169,000000;10808,000000;9672,000000;8689,000000;8144,000000;9173,000000;9457,000000;9519,000000;7454,000000;9580,000000;9751,000000;10189,000000;10452,000000;6779,000000;10237,000000;9343,000000;9956,000000;9355,000000
01/09/2018 0:00:00;8359,000000;8084,000000;8169,000000;8091,000000;5015,000000;9317,000000;8752,000000;6051,000000;5019,000000;9884,000000;9792,000000;8127,000000;7950,000000;5886,000000;8802,000000;9252,000000;6896,000000;8449,000000;8498,000000;7267,000000;8674,000000;7351,000000;8461,000000;8233,000000;7803,000000;6125,000000;8794,000000;9076,000000;8765,000000;5957,000000;
01/10/2018 0:00:00;8800,000000;9808,000000;9737,000000;9417,000000;8713,000000;8803,000000;9216,000000;10081,000000;7938,000000;7035,000000;4040,000000;4595,000000;8287,000000;5333,000000;2159,000000;3364,000000;5555,000000;1317,000000;3096,000000;2909,000000;2894,000000;5288,000000;4542,000000;5203,000000;4779,000000;1828,000000;2231,000000;4663,000000;5574,000000;2460,000000;2625,000000
01/11/2018 0:00:00;5243,000000;2424,000000;3705,000000;2820,000000;2743,000000;3486,000000;2694,000000;1928,000000;4261,000000;1762,000000;3603,000000;1503,000000;3373,000000;3026,000000;3946,000000;3238,000000;3603,000000;810,000000;1947,000000;2824,000000;2467,000000;1599,000000;3480,000000;3729,000000;2605,000000;3127,000000;3553,000000;3584,000000;3606,000000;3527,000000;
01/12/2018 0:00:00;3612,000000;3292,000000;1775,000000;3539,000000;3469,000000;3651,000000;3694,000000;1534,000000;3538,000000;3331,000000;1941,000000;1821,000000;2056,000000;3336,000000;3339,000000;1507,000000;3575,000000;2065,000000;2790,000000;1651,000000;3350,000000;3319,000000;3463,000000;2903,000000;2960,000000;3040,000000;3022,000000;1281,000000;3372,000000;3564,000000;3509,000000
01/01/2017 0:00:00;2336,291412;2317,001881;1472,681601;1074,260033;1327,393710;2733,133943;2494,406974;2866,732773;2861,577318;1961,645085;2606,030711;4795,380340;7119,213206;7544,061348;7404,638156;7644,722972;7612,464692;7989,784234;4259,601983;868,842831;7346,574051;7642,419002;7537,136770;7877,625296;7629,737037;2612,779737;2044,445271;2810,869999;2028,292004;3150,137737;3543,256231
01/02/2017 0:00:00;1896,481337;1781,660883;1168,157635;1852,303201;3317,930380;3747,475058;1398,213202;4012,786842;3332,557088;2488,415362;2318,315767;1461,865616;2524,487418;2570,558244;2974,403330;3391,676465;4020,996437;2792,335360;3477,456214;4268,246897;3878,396176;5095,638107;822,457464;4028,500924;3532,202461;2181,631521;2165,431772;1936,938278;;;
01/03/2017 0:00:00;3924,505772;5134,272645;1323,732585;2417,051096;1860,907674;3384,479998;5017,538906;5456,466507;8333,161865;9996,334052;6911,920911;9349,088927;2330,784239;1156,578758;5740,056761;5043,831590;4937,102617;5747,248404;6000,829731;5825,407232;4239,455219;2615,682256;3378,188654;4400,489849;4355,705968;2918,272848;3384,653008;5049,646225;9646,401133;7397,767702;9309,664137
01/04/2017 0:00:00;10968,932107;11050,124850;10854,524695;11174,254810;11202,681501;11093,888545;11072,808978;10973,792484;10968,448064;10688,147091;11092,942952;10177,652917;8850,920115;10452,344398;8933,438646;8874,135166;10884,298371;10502,212299;7995,800033;7999,371811;8680,416184;8532,499250;7944,279592;6603,611314;7916,971609;5187,155822;7724,872558;1207,908589;4563,364706;3852,857160;
01/05/2017 0:00:00;11304,134819;11711,834993;9605,353152;6331,884642;3946,380905;7730,734049;9641,767604;9107,567089;8768,623113;4547,921660;6299,084453;4902,325819;4340,726566;6194,584224;6222,798353;6332,516187;6776,325431;11961,281923;11406,382117;10558,909078;1950,980719;10352,103879;10357,397232;8342,337795;7169,507995;8226,622424;7486,473534;4657,051849;5620,878083;8642,284508;8635,297040
01/06/2017 0:00:00;8203,317051;5995,476461;10351,987790;10651,100391;10756,053156;10866,116274;10870,466746;8775,611125;9552,742097;10587,603679;10373,477829;9132,907261;10381,237971;9947,003000;9668,117157;6730,691905;7790,952838;8397,787382;7494,773151;8987,649285;10373,628425;10511,303925;10685,320049;7475,745010;4966,069679;11064,028322;8938,292054;6871,927745;7659,049675;8619,886557;
01/07/2017 0:00:00;8431,676029;8542,178380;8482,201246;8403,471647;8155,181923;3952,078725;6025,737091;6068,021364;8137,214662;9520,392003;10770,417341;10000,912901;7708,342366;9717,681572;10745,093887;10292,355335;7079,849406;8241,528607;10511,038852;10874,505247;10512,927855;10470,154980;10415,807529;10280,711579;10384,866275;8236,631469;8693,531291;9791,345281;9498,900308;9723,849797;9016,588692
01/08/2017 0:00:00;7631,271821;10188,901150;10332,533263;9898,371308;9876,472658;10254,777844;8945,032832;10144,408731;9823,476519;10077,674517;10076,631300;9745,041766;8888,231402;9036,165818;8008,837525;9433,003955;9223,499891;8640,277634;8645,346590;8771,648453;8525,444198;8383,930148;7935,765479;8302,747614;6717,200756;3348,510030;5832,080172;7334,302098;5381,434351;5670,217924;7667,982872
01/09/2017 0:00:00;8638,928005;8020,300441;6980,647751;8732,612323;8664,109965;8256,173021;7685,750642;8052,275181;6321,775715;8765,386071;8619,615730;8765,427441;8571,312837;7569,849530;8606,735682;8433,659647;7855,784678;7404,405755;7961,511127;7974,190000;6728,660000;6398,920000;6685,915000;7772,705000;8409,045000;9655,590000;3928,856355;5486,211103;6890,692276;6804,258218;
01/10/2017 0:00:00;7061,166794;8048,555546;7945,943466;7084,706085;7851,424677;7600,463848;7876,356828;7530,858071;7502,414713;6922,904623;7051,066399;6231,108619;6199,276572;3262,901568;6211,273140;6122,490867;1502,874951;2132,632737;2924,258000;2571,312700;2468,782276;4228,385000;7334,746035;7510,198967;7676,947643;8723,260694;8080,873729;7397,809225;7321,387400;7247,342739;6876,312235
01/11/2017 0:00:00;5885,530000;1592,430000;2110,525000;1967,280000;2702,130000;3013,575000;3562,130000;3487,380000;3483,765000;3394,820000;3373,600000;3371,120000;3302,685000;3265,240000;3174,325000;3128,285000;3128,020000;3035,355000;3036,330000;3035,050000;3041,045000;2727,660000;1713,725000;2388,350000;786,715000;2561,420000;2133,515000;831,190000;1430,285000;2813,445000;
01/12/2017 0:00:00;2743,560000;2752,575000;2770,135000;2695,150000;2705,550000;2638,415000;2098,125000;2454,100000;1850,725000;996,165000;1787,995000;2611,985000;2589,740000;769,695000;843,825000;2573,520000;2560,640000;2531,400000;2535,835000;2529,445000;2470,740000;2487,310000;2525,010000;2337,885000;1577,200000;1119,300000;1913,985000;613,775000;1025,950000;1837,320000;1306,865000
01/01/2018 0:00:00;2538,214000;1948,921000;698,257000;649,073000;1252,625000;1588,340000;1253,021000;1854,832000;802,329000;1585,038000;1883,910000;2520,585000;675,320000;1355,443000;2920,716000;2898,483000;1861,071000;3009,969000;2971,259000;2732,473000;3054,638000;1817,637000;1910,899000;2967,511000;1165,297000;2661,951000;3233,089000;2030,654000;3049,255000;3037,231000;1757,912000
01/02/2018 0:00:00;2468,609617;3518,405987;3453,171308;2082,145675;2294,347661;3100,991815;3442,665267;3838,550522;2731,034914;1844,371882;3462,356579;2987,900187;3884,339211;2442,302004;2847,261134;4175,246106;3912,189084;4059,104730;4084,595748;4279,212367;7715,886000;8231,560397;8644,676378;7030,299385;6988,645115;5518,793359;2693,142801;1286,924588;;;
01/03/2018 0:00:00;1695,061765;2722,394328;1654,876646;3654,541260;2681,500263;1551,752025;3809,043972;2973,414407;2064,651365;2346,377924;2896,091871;3953,962368;4249,964806;1978,577132;4061,098510;3988,080682;1235,765848;3665,561115;1915,788717;4791,681108;6014,337366;6131,117512;1524,608008;5655,817544;3813,698318;6175,556403;6187,540222;6227,219319;5256,339835;4237,341174;5878,625738
01/04/2018 0:00:00;5832,456113;4996,937244;4889,339883;4634,680169;6130,404252;6053,163389;4353,627125;4304,088525;3002,032432;1396,642068;5740,644279;1935,054469;4771,732531;6804,527041;2884,772884;6911,796550;7140,993475;7177,400000;7149,843032;6502,068709;3224,451049;5307,567260;5710,435131;4335,362654;6854,268288;7111,784793;7414,991831;5300,763085;5366,646434;5235,447616;
01/05/2018 0:00:00;5299,761722;7504,983745;6325,360267;7848,793283;7690,688726;5015,848868;7010,274986;7115,290356;7143,831464;7354,134000;9254,132000;7685,182439;9590,908549;7540,160459;10071,995049;9383,423265;9895,337509;2926,280878;5811,740557;3679,872742;6873,176740;8935,709398;5383,165590;3446,447772;4690,686286;5826,185163;6457,107377;6646,568147;5899,727984;4357,530194;8833,315833
01/06/2018 0:00:00;8470,318357;6984,916099;9246,282021;3790,433265;4415,095348;4963,331384;7919,671069;3991,138643;4077,830054;5158,334104;2619,710186;9433,827746;9635,200326;9886,920551;10146,667260;9762,760633;8966,382423;9278,914117;9675,585418;9637,538498;7458,905736;8183,888610;8785,440581;8837,306731;9011,098520;8815,212937;9691,791408;8240,140346;7497,618346;6389,902832;
01/07/2018 0:00:00;6245,368795;6965,031144;9564,019675;9251,552892;10175,327727;8454,428626;9772,247876;9922,175205;9876,435848;9924,000380;9591,124747;8485,859540;9421,177147;11217,900593;8330,109417;10469,387942;10793,584745;11052,644256;10978,694030;10617,996005;11125,344561;10535,682256;11242,789277;10799,346542;10787,508440;10408,267196;10690,064091;10892,709614;10863,597195;10778,228702;9776,247483
01/08/2018 0:00:00;8557,522957;8224,504995;7750,089630;7832,209981;8861,052276;7984,461646;8188,481881;8722,136306;9275,108279;9161,520335;7227,621030;8141,205737;9042,174114;9037,998012;8775,739841;7657,705232;6875,401102;6644,312644;7445,723755;7714,981811;7500,841868;5948,599822;7626,553540;7722,983637;8054,975533;8430,267926;5206,207516;7924,313611;7429,131772;7900,609746;7575,232690
01/09/2018 0:00:00;6741,494854;6615,671044;6176,043036;6337,592758;3870,597430;8014,979985;7882,262560;5015,206538;4280,291243;8488,148904;8600,314227;7213,060069;7224,809735;5254,988819;7849,159138;8459,888752;6079,461845;7850,993689;7976,440223;6652,369888;8242,345823;7011,820976;8148,966529;8075,279451;7469,640567;5622,558016;8294,041536;8278,198843;8204,264785;5316,815983;
01/10/2018 0:00:00;8024,506997;8164,372691;7798,164649;7507,894876;7236,542501;7391,957065;7562,223508;7593,392653;5963,471754;5162,296517;3111,350315;3430,299550;6748,245300;4628,279142;1659,686715;2403,687109;4232,682492;1069,346263;2273,455830;2139,017986;2124,826255;3950,506208;3410,821540;3903,964798;3603,964837;1441,766561;1743,516694;3319,159811;3886,057627;1747,581554;1879,897314
01/11/2018 0:00:00;3716,264196;1777,909948;2771,070459;2038,972630;1935,681352;2489,798940;1873,013917;1464,878823;3168,596720;1350,719043;2584,570578;1167,249301;2474,823942;2192,979813;2850,891984;2299,610374;2580,857715;718,122429;1480,108012;2147,600820;1890,155957;1229,615094;2564,804950;2629,464851;1944,380242;2231,295598;2523,314156;2588,531231;2585,556262;2503,908514;
01/12/2018 0:00:00;2572,568008;2370,872086;1367,112641;2589,184051;2581,929598;2608,582414;2613,372125;1160,144364;2431,842547;2363,516691;1459,578366;1359,902623;1571,834518;2323,709150;2302,633572;1167,667167;2459,595713;1528,811965;2014,823914;1299,768995;2393,407889;2301,539351;2426,170434;2082,167138;2206,751858;2203,417729;2345,315892;1013,104021;2439,148617;2539,909339;2567,753364
01/01/2017 0:00:00;72,024810;73,573268;72,946666;71,239740;74,082244;79,306685;79,607689;78,989183;78,383988;82,297205;77,953471;75,124292;74,572455;68,230568;66,008634;72,018891;72,761173;77,155864;67,792731;74,336859;68,439061;68,028844;73,787932;72,597439;66,670055;76,001039;70,012759;78,381731;86,623700;75,579790;79,989265
01/02/2017 0:00:00;63,193616;76,504019;138,910838;63,513932;69,554917;81,052792;68,162710;80,017529;80,642665;78,963648;84,757373;77,063152;80,377294;81,849186;81,883037;78,921669;77,489860;88,583884;85,723188;80,379098;80,293035;86,439313;63,791548;81,785058;86,026255;78,901086;83,579791;88,561892;;;
01/03/2017 0:00:00;77,653961;72,028860;73,030316;76,231035;80,526002;74,981393;76,096706;75,637849;71,744792;68,723946;69,536361;62,105498;74,438337;66,169299;80,109596;79,776000;80,501677;79,027200;76,261983;79,496864;72,810059;85,707278;84,425419;76,910359;76,568894;83,498709;78,541232;78,378034;70,785806;78,358657;62,674858
01/04/2017 0:00:00;67,510936;67,154692;72,656449;71,396398;72,737445;75,159280;70,236772;68,688471;69,003631;73,665157;70,596719;71,200930;72,408221;70,728162;71,154082;64,974154;71,660681;71,042950;69,064779;76,706855;76,438447;69,504621;66,446164;72,018067;69,174557;86,346099;72,379268;70,686843;63,188929;68,287402;
01/05/2017 0:00:00;67,632565;72,248931;82,111571;89,212638;87,506938;78,511545;81,314617;85,888372;87,290660;93,125925;75,377128;81,399999;85,771666;77,243407;78,850606;80,890444;82,773939;76,862177;81,278574;79,569429;77,569654;81,118819;80,905260;78,945000;81,566136;83,348949;82,366812;76,870882;95,465744;85,624133;78,282802
01/06/2017 0:00:00;79,602018;81,562779;79,736452;78,423270;82,259641;83,323884;78,540604;79,658192;78,819377;75,649855;74,439115;76,626394;73,696643;77,188637;76,975357;79,062448;71,559455;73,853027;75,655815;77,785493;77,634128;77,493463;77,226803;75,911968;79,912463;75,915270;75,589244;76,252949;83,295962;77,244035;
01/07/2017 0:00:00;75,592769;73,522833;70,210981;70,776849;73,900718;70,542086;66,342478;74,937724;72,019341;77,795296;77,245542;72,280983;71,316581;75,916281;74,341988;73,293933;75,473842;70,978012;78,597730;75,129254;81,505624;77,661822;76,458356;78,543846;76,623223;77,959923;78,161666;76,200779;69,082644;70,264784;73,687380
01/08/2017 0:00:00;80,048707;78,330197;76,833043;77,033625;76,013244;74,298367;77,697749;82,855778;77,330604;81,617967;79,061403;75,648263;71,455820;78,295003;80,466665;75,593300;72,961994;78,368336;76,920337;75,135387;77,075212;75,427948;77,523830;75,736084;78,655122;82,334577;73,180987;73,033619;77,962193;94,666478;86,902852
01/09/2017 0:00:00;80,856624;82,033369;81,253409;82,840111;76,184548;75,774700;77,308918;80,519605;76,713781;79,086805;78,135699;78,428904;81,071604;84,136203;86,433430;83,388233;79,440081;90,140805;82,094311;82,954799;83,342644;85,250943;82,186948;80,671408;85,540124;73,081467;85,477515;83,502167;82,064079;81,098075;
01/10/2017 0:00:00;81,513345;83,650045;79,809929;81,527662;80,702605;81,092402;80,409426;80,224489;81,756209;81,931134;80,155425;84,037734;85,092251;84,877194;82,899887;81,598174;72,469540;98,572924;139,611163;80,854637;84,188525;133,832240;87,051777;80,817016;84,611020;73,277150;77,631722;82,711452;81,497205;86,912835;85,303223
01/11/2017 0:00:00;85,973768;99,773897;99,999618;96,407893;95,916938;99,667838;83,852305;84,099180;87,273511;85,254490;83,043184;84,338061;83,458986;84,579847;83,408378;82,983475;81,375904;81,276265;81,778527;82,322023;81,534502;83,648253;80,854333;83,117867;72,505289;85,574376;83,019891;75,416788;78,972415;88,658400;
01/12/2017 0:00:00;88,101310;86,884560;88,307139;87,942130;86,879358;85,711986;86,034432;84,982743;80,134323;78,077204;88,993883;88,603865;86,955875;77,350823;77,033711;88,058042;88,733016;87,504626;86,859531;85,505102;85,348293;85,830805;86,478894;86,691089;82,465990;79,573968;85,898685;65,538328;78,474577;83,209108;79,246948
01/01/2018 0:00:00;87,105849;86,889342;70,032628;69,022977;79,927221;84,244353;80,708094;83,064187;75,093328;81,121031;87,459220;83,212629;70,387617;82,631565;85,544591;83,843314;80,135816;84,389804;83,149542;84,762126;83,875454;81,560387;81,528760;83,634992;80,563132;87,610365;84,759331;85,352527;85,407028;84,297473;83,384994
01/02/2018 0:00:00;91,872520;86,532461;88,580127;93,600597;90,148952;85,668258;85,864604;88,432692;81,695582;84,856118;85,736652;92,788581;88,629281;92,229595;89,191425;83,948357;85,143038;86,935860;84,749527;84,727472;86,532741;86,532739;81,586417;81,135945;79,426012;85,410095;86,507417;80,290168;;;
01/03/2018 0:00:00;81,183713;81,802097;81,000808;83,048904;87,614241;79,300087;82,363315;81,750407;81,932579;81,768488;84,589583;84,724385;81,815364;78,770062;81,289527;87,262404;77,026862;82,215682;79,211669;83,701213;83,253230;84,371332;77,983869;81,008613;86,890079;82,253637;83,246667;83,145601;86,973036;86,209735;81,718445
01/04/2018 0:00:00;83,445194;81,927784;81,567585;83,972564;82,025920;80,392843;82,883472;83,892652;85,246268;80,364218;85,473232;82,936800;81,784864;83,618443;81,667159;81,504030;81,068092;78,363754;80,020372;81,814996;80,508575;74,625231;76,134191;75,694704;72,947247;72,194030;75,043484;78,823616;72,906908;78,899060;
01/05/2018 0:00:00;80,632332;79,226419;76,369714;77,739393;74,346604;77,520173;74,502304;76,317113;78,823473;73,676937;72,245353;81,450967;79,211974;79,928511;77,752756;76,720927;75,820292;82,397098;81,033339;89,614042;75,599372;74,859702;80,884183;79,494907;77,345722;81,536125;82,145431;79,866448;79,915464;80,559352;79,958454
01/06/2018 0:00:00;74,925227;76,125332;75,918167;82,501225;80,114602;74,521565;76,195870;69,390205;78,376940;80,884861;82,604285;74,156969;74,512633;72,176837;70,053940;70,167319;72,834280;67,032041;62,853068;64,624012;74,466247;72,980806;72,616496;71,699494;73,264113;72,546492;73,323469;70,968338;75,421059;78,146166;
01/07/2018 0:00:00;78,927171;74,610903;74,377595;81,565212;77,114984;76,085105;72,902193;72,082071;73,234085;73,577607;77,785322;75,719269;74,376376;68,888709;66,956385;68,479079;65,249692;63,628934;65,827280;66,955465;64,291973;65,623129;63,097153;64,851749;64,151795;65,530202;65,064500;64,846831;65,222977;63,611650;70,818084
01/08/2018 0:00:00;68,891721;70,460276;71,170089;71,728722;69,824278;71,841855;76,241463;76,842611;74,939107;71,899059;72,681169;71,838067;77,408439;73,427363;73,177485;75,047033;75,090957;72,828873;73,201564;72,834034;75,404489;74,454426;74,636810;75,020495;75,159386;73,667157;77,367764;76,758580;74,724698;74,875573;73,377633
01/09/2018 0:00:00;73,673958;72,605294;78,591299;75,856667;76,985479;69,070013;65,973921;71,689279;69,672238;69,188773;67,650805;66,946302;65,381759;66,552496;66,630660;64,981070;67,398154;63,943524;63,302884;64,907466;62,529430;62,291887;61,692880;60,578210;62,069434;64,727381;62,999360;65,144014;63,478716;66,572038;
01/10/2018 0:00:00;65,159868;71,379503;74,190561;74,526422;71,540584;70,759890;72,411716;78,883040;79,091136;80,972405;77,152204;79,591988;72,966306;68,464891;77,293399;83,156066;77,980184;73,178466;80,915238;80,806290;80,926543;79,534322;79,123232;79,188810;78,790230;75,335058;76,030762;83,474367;85,226296;83,639907;82,968085
01/11/2018 0:00:00;83,828011;81,010020;79,443163;82,177627;84,199173;83,191507;85,461886;78,202604;79,902515;77,509827;82,830780;76,508774;80,981891;81,987978;82,241723;83,663970;82,949941;67,019690;78,160697;78,131653;77,550999;77,267198;80,619627;84,263772;79,605379;83,269634;83,664220;82,267912;82,868144;83,695650;
01/12/2018 0:00:00;83,425105;82,502591;77,145384;81,214490;79,831775;83,161661;83,986894;78,565017;86,444678;83,739785;79,015811;79,564258;77,719889;85,302185;86,160353;76,684937;86,363096;80,256805;82,277861;75,473899;83,165647;85,684986;84,810001;82,841381;79,699224;81,977115;76,561247;75,129582;82,141984;83,374907;81,198115
01/01/2017 0:00:00;2118,000000;1884,600000;1061,700000;2016,600000;2442,000000;2391,300000;2252,400000;728,400000;2240,100000;290,100000;686,100000;481,800000;728,400000;2058,300000;2383,800000;1791,900000;1233,600000;1897,500000;2045,400000;2481,300000;2581,200000;2346,600000;1178,100000;1782,600000;2694,600000;2632,200000;1873,800000;1645,800000;2323,800000;654,000000;168,900000
01/02/2017 0:00:00;135,000000;252,600000;528,900000;156,300000;110,400000;550,500000;2626,500000;414,900000;1256,400000;656,700000;576,600000;469,800000;201,900000;2596,800000;3446,100000;3559,200000;3226,200000;740,700000;822,000000;2386,200000;2022,000000;1511,100000;795,900000;949,500000;3776,400000;3731,700000;959,700000;909,600000;;;
01/03/2017 0:00:00;4325,700000;3290,400000;1008,900000;767,400000;3277,800000;2439,000000;4124,400000;4081,800000;4007,400000;4325,700000;4442,400000;4029,000000;4242,000000;4243,500000;3304,800000;3883,800000;4108,500000;2226,600000;2994,000000;2521,500000;2036,400000;1521,900000;1086,900000;1243,200000;3143,100000;4328,100000;4527,600000;4634,700000;4560,600000;4375,800000;4179,600000
01/04/2017 0:00:00;4056,000000;1430,100000;4633,800000;4034,700000;1766,400000;4512,000000;3587,400000;4637,400000;4619,700000;4422,300000;4174,800000;4351,500000;4576,200000;4470,900000;3922,500000;4911,900000;4588,200000;3011,100000;4331,100000;5201,400000;5133,600000;4930,800000;4798,800000;2801,400000;3212,100000;724,200000;1039,200000;3666,600000;5029,200000;5059,500000;
01/05/2017 0:00:00;1029,600000;4564,800000;2304,600000;2658,900000;5234,700000;971,100000;1035,900000;4384,200000;4659,600000;2938,200000;1823,700000;3235,500000;4888,200000;4384,200000;5179,800000;5107,800000;5108,400000;4704,600000;2358,300000;4453,200000;5323,200000;5110,200000;5052,000000;4608,000000;4574,100000;5027,700000;5106,000000;5101,800000;4945,800000;4939,800000;4682,100000
01/06/2017 0:00:00;5049,000000;5105,100000;4965,900000;4619,400000;3304,800000;3569,400000;5229,900000;4470,000000;4202,100000;4830,600000;4883,700000;4690,500000;0,000000;4043,700000;4481,700000;4429,200000;4528,800000;5177,400000;5035,500000;4894,200000;4739,700000;4653,900000;4791,600000;4494,000000;3502,200000;3513,300000;2753,100000;2280,000000;4976,700000;3842,400000;
01/07/2017 0:00:00;3789,300000;5105,400000;5043,600000;4812,300000;4823,400000;4814,400000;4724,400000;4527,600000;3033,300000;4607,100000;3603,000000;4578,300000;4703,400000;4316,100000;4290,600000;5099,700000;4841,100000;4920,900000;4570,500000;3960,000000;4025,400000;4606,500000;4527,600000;2898,300000;5147,100000;4758,900000;4636,800000;4410,000000;4247,700000;4509,900000;4640,700000
01/08/2017 0:00:00;4322,400000;4592,400000;4412,700000;4525,500000;4424,400000;3471,900000;4673,100000;4446,000000;3875,400000;3789,300000;2218,200000;5016,900000;4360,200000;4642,200000;4608,000000;4002,300000;0,000000;4393,500000;4189,200000;4660,500000;4674,300000;4467,180000;4548,600000;3993,720000;4254,690000;3712,860000;4198,080000;2653,980000;4128,660000;4009,230000;2147,130000
01/09/2017 0:00:00;4216,830000;1307,100000;4736,400000;3963,240000;4419,570000;3545,970000;3051,810000;3701,340000;3296,010000;436,740000;2119,500000;3984,630000;4139,460000;3332,730000;1200,990000;2540,190000;3700,380000;1355,340000;3521,850000;4347,030000;4102,200000;3918,990000;3054,990000;3093,990000;3800,640000;3801,720000;3790,140000;2906,010000;2756,520000;3243,270000;
01/10/2017 0:00:00;519,780000;2581,320000;522,570000;2251,830000;3276,660000;3321,120000;3911,130000;3650,910000;3412,200000;3297,720000;2950,680000;3373,890000;3312,840000;3133,740000;3253,260000;3332,490000;2436,600000;2976,630000;2168,910000;420,870000;1143,000000;260,700000;3689,460000;3537,510000;2991,630000;2543,130000;2069,790000;1790,040000;1970,850000;1875,180000;2979,930000
01/11/2017 0:00:00;2941,110000;1390,080000;2498,850000;291,210000;302,340000;186,660000;219,630000;1391,760000;222,330000;1515,840000;1439,940000;530,550000;218,220000;2533,350000;2567,940000;2321,130000;2468,640000;2417,760000;2458,980000;1990,770000;2256,930000;806,010000;634,260000;181,260000;30,090000;2125,380000;2546,130000;211,320000;152,760000;2323,050000;
01/12/2017 0:00:00;912,330000;362,910000;2237,850000;2274,480000;2044,350000;2132,340000;1090,320000;257,910000;2231,940000;159,060000;19,530000;384,060000;1975,770000;1410,030000;466,200000;438,030000;1821,420000;793,920000;1945,950000;1858,440000;1976,250000;855,000000;1970,310000;2084,820000;1226,070000;173,040000;294,150000;751,290000;2208,210000;1794,720000;307,680000
01/01/2018 0:00:00;513,000000;2281,740000;1879,680000;2178,000000;358,980000;346,350000;112,950000;170,310000;704,640000;608,670000;126,780000;1882,560000;1106,970000;557,010000;312,660000;489,810000;1617,330000;2557,830000;2461,140000;1675,680000;2741,670000;2200,950000;2400,780000;1846,590000;259,860000;152,670000;1606,410000;2555,040000;686,160000;849,390000;385,110000
01/02/2018 0:00:00;171,240000;371,520000;1092,090000;1689,210000;359,490000;189,690000;762,570000;1901,520000;2962,500000;1616,550000;2888,820000;739,980000;3364,590000;3488,100000;1952,010000;2096,490000;485,760000;365,940000;1537,050000;2765,640000;1420,380000;318,000000;230,070000;2031,450000;144,810000;3841,710000;3103,530000;2560,050000;;;
01/03/2018 0:00:00;1,830000;25,650000;33,810000;556,590000;1674,240000;1939,380000;739,380000;4218,240000;1731,270000;365,580000;246,120000;1530,570000;3877,020000;3983,910000;702,180000;3854,760000;1205,580000;294,720000;1854,990000;1524,450000;3411,960000;4771,440000;4765,500000;3077,850000;3772,140000;4536,570000;4058,010000;3870,330000;2216,250000;2554,230000;1617,690000
01/04/2018 0:00:00;5238,150000;4348,950000;1935,660000;548,190000;3690,270000;4501,260000;4630,830000;4447,830000;1014,120000;1589,370000;831,900000;2287,410000;3178,560000;4633,440000;1115,700000;4403,550000;4730,400000;4833,630000;4844,190000;4871,580000;4821,990000;4850,760000;4365,150000;4480,230000;4802,430000;4696,410000;2960,220000;3847,740000;3525,690000;5152,470000;
01/05/2018 0:00:00;1760,100000;757,470000;1353,150000;2868,120000;3440,640000;4613,280000;2902,530000;4270,110000;2923,260000;3392,340000;4417,050000;4228,050000;4498,290000;4034,250000;2232,750000;4831,680000;4136,610000;5165,160000;4977,690000;4663,020000;3905,100000;1217,160000;4094,670000;4474,320000;5043,990000;4701,120000;3459,300000;3432,660000;4090,650000;2744,610000;3679,920000
01/06/2018 0:00:00;4760,490000;5031,210000;4783,380000;2381,400000;4970,400000;3749,490000;3817,350000;3568,770000;4687,860000;4868,640000;3156,390000;3721,740000;3920,520000;4306,110000;4988,130000;5010,240000;4789,860000;4413,690000;4871,490000;4608,480000;4719,660000;4489,410000;5139,780000;4820,940000;4761,780000;5015,310000;5017,140000;4290,060000;4953,810000;4817,130000;
01/07/2018 0:00:00;4743,150000;4515,270000;4498,860000;4931,820000;3684,420000;4686,510000;4681,560000;4769,550000;4886,310000;4186,410000;2085,870000;3472,560000;4267,920000;4378,380000;4556,760000;1951,530000;4938,990000;4760,730000;4711,350000;4406,010000;2424,870000;4780,770000;4732,380000;4445,700000;4458,240000;4008,150000;4579,470000;3652,350000;4452,570000;4364,220000;4316,160000
01/08/2018 0:00:00;3659,040000;3973,710000;4262,160000;4403,730000;4399,860000;3030,960000;3366,630000;3855,510000;4259,670000;4100,580000;4310,340000;3303,120000;3050,310000;1577,190000;4574,310000;3796,230000;4511,010000;4416,780000;4341,570000;4314,870000;4028,610000;4260,210000;4237,080000;3276,120000;2770,140000;4656,360000;4631,670000;4389,990000;4191,990000;4138,920000;1697,400000
01/09/2018 0:00:00;3698,790000;1936,890000;4081,080000;4226,490000;4313,640000;3295,500000;3834,240000;4382,010000;4227,900000;4092,510000;3931,860000;4035,240000;3161,700000;3137,310000;3124,290000;3360,960000;2950,740000;3237,840000;3546,690000;3857,280000;3885,300000;3165,690000;3869,940000;4094,940000;4436,940000;4366,620000;4231,980000;4183,110000;4038,180000;3979,440000;
01/10/2018 0:00:00;497,940000;3995,580000;4010,130000;3934,350000;3275,850000;439,050000;3594,810000;3566,940000;3023,040000;3038,280000;433,950000;3014,040000;3067,710000;3243,810000;1750,650000;872,820000;1136,850000;2253,240000;3042,570000;3076,620000;2054,160000;3579,210000;3414,810000;3460,890000;2226,870000;894,630000;186,900000;939,900000;68,250000;2157,120000;713,160000
01/11/2018 0:00:00;743,670000;281,010000;362,580000;716,790000;605,760000;982,830000;701,460000;1992,900000;835,920000;475,890000;216,240000;502,410000;1187,310000;291,390000;484,440000;2104,470000;2064,750000;2591,010000;1385,160000;203,040000;1481,490000;1005,030000;134,910000;405,960000;360,210000;2301,330000;1631,280000;2431,890000;1691,100000;461,700000;
01/12/2018 0:00:00;1969,050000;247,260000;1522,350000;2042,460000;1912,620000;297,420000;1499,340000;2328,420000;1683,750000;2302,470000;2334,360000;1226,520000;262,320000;1588,320000;2042,220000;;;0,390000;280,620000;523,440000;17,730000;1040,490000;239,850000;1296,720000;1801,710000;308,850000;448,500000;1797,360000;2012,550000;1790,280000;2102,790000
01/01/2017 0:00:00;3230,900000;2710,500000;1545,000000;2928,500000;3630,900000;3597,900000;3222,900000;1035,700000;3309,600000;382,100000;958,800000;687,500000;1030,200000;2995,600000;3243,400000;2528,800000;1610,500000;2543,500000;2745,600000;3515,100000;3617,500000;3235,100000;1553,200000;2334,400000;3790,700000;3718,100000;2588,100000;2103,600000;3207,000000;864,100000;237,700000
01/02/2017 0:00:00;197,200000;357,800000;700,900000;225,600000;164,100000;702,800000;3583,800000;560,300000;1665,900000;858,900000;768,700000;630,800000;296,500000;3443,600000;4644,700000;4823,900000;4403,900000;1010,200000;1089,200000;3118,400000;2618,900000;1990,700000;1063,100000;1250,000000;5139,300000;5071,900000;1327,200000;1222,700000;;;
01/03/2017 0:00:00;5855,900000;4400,100000;1324,500000;999,900000;4454,100000;3236,200000;5456,200000;5639,800000;5492,400000;6076,900000;6091,400000;5470,200000;5800,700000;5918,300000;4555,600000;5476,200000;5795,500000;3059,100000;4040,200000;3460,700000;2809,900000;2045,100000;1442,000000;1624,000000;4342,600000;6088,400000;6200,700000;6520,300000;6490,100000;6278,000000;6039,500000
01/04/2017 0:00:00;5818,600000;1898,000000;6468,500000;5765,500000;2304,300000;6383,100000;5067,000000;6646,900000;6631,600000;6382,000000;6078,800000;6250,300000;6734,500000;6552,400000;5743,200000;7126,600000;6536,500000;4252,800000;6362,800000;7562,300000;7457,800000;7255,000000;7114,400000;4017,100000;4561,000000;974,600000;1394,000000;5148,400000;7404,600000;7416,300000;
01/05/2017 0:00:00;1382,100000;6656,200000;2958,400000;3755,600000;7520,000000;1261,000000;1296,300000;5976,000000;6390,500000;3987,100000;2349,500000;4417,300000;7122,800000;6623,500000;7570,800000;7577,000000;7488,800000;6762,400000;3125,800000;6271,400000;7697,800000;7470,400000;7504,000000;6537,100000;6512,000000;7284,200000;7591,500000;7631,800000;7393,100000;7422,600000;7008,700000
01/06/2017 0:00:00;7554,900000;7643,600000;7524,700000;6811,000000;4798,300000;5035,400000;7807,000000;6450,400000;6278,900000;7375,000000;7473,900000;7231,200000;0,100000;6140,800000;6768,200000;6647,500000;6812,800000;7796,800000;7674,400000;7492,200000;7265,000000;7123,500000;7313,200000;6886,700000;5002,700000;5158,400000;3990,900000;3549,200000;7272,600000;5585,900000;
01/07/2017 0:00:00;5827,200000;7681,800000;7648,200000;7347,900000;7348,800000;7444,100000;7294,300000;7064,700000;4615,900000;7184,200000;5454,200000;6978,900000;7269,000000;6274,500000;6492,400000;7697,500000;7392,100000;7567,900000;6934,400000;5804,100000;6220,800000;7005,100000;7008,700000;4288,600000;7707,600000;6952,700000;6914,200000;6667,200000;6536,000000;6793,000000;7009,600000
01/08/2017 0:00:00;6558,500000;7005,700000;6787,900000;6988,400000;6859,300000;5280,900000;6958,400000;6591,900000;5836,100000;5613,800000;3265,100000;7384,300000;6599,600000;6980,800000;6966,500000;6034,300000;0,000000;6677,200000;6221,800000;6904,900000;7040,800000;6597,100000;6774,000000;5957,800000;6423,300000;5546,600000;6377,100000;3958,000000;6192,700000;6067,600000;3235,100000
01/09/2017 0:00:00;6231,100000;1806,200000;6874,100000;5630,200000;6497,200000;5132,000000;4603,300000;5419,400000;4777,500000;626,400000;2850,700000;5680,500000;5958,300000;4786,900000;1685,200000;3615,100000;5454,800000;1859,100000;5068,900000;6421,300000;6123,900000;5775,500000;4457,400000;4585,000000;5542,200000;5427,900000;5463,000000;4088,700000;3850,500000;4612,600000;
01/10/2017 0:00:00;734,900000;3607,100000;737,700000;3211,700000;4717,000000;4798,500000;5519,900000;5123,500000;4858,400000;4678,400000;4207,900000;4799,200000;4743,600000;4518,600000;4729,900000;4839,600000;3484,700000;4298,400000;3101,900000;618,000000;1603,700000;396,400000;5103,300000;5006,500000;4172,800000;3549,100000;2840,000000;2482,500000;2728,500000;2594,100000;4154,300000
01/11/2017 0:00:00;4144,300000;1905,200000;3560,900000;422,100000;418,700000;277,100000;311,000000;1937,800000;326,800000;2068,500000;2049,500000;732,300000;304,500000;3479,100000;3636,300000;3186,900000;3517,400000;3439,700000;3511,500000;2772,300000;3240,300000;1135,100000;882,400000;275,300000;68,700000;3020,800000;3781,500000;318,700000;230,300000;3352,200000;
01/12/2017 0:00:00;1221,800000;480,100000;3347,000000;3437,600000;3105,200000;3197,700000;1612,300000;369,900000;3519,800000;274,800000;201,100000;757,700000;2938,000000;2017,200000;641,200000;612,000000;2698,800000;1201,500000;3035,500000;2598,600000;2907,500000;1107,000000;2897,100000;3254,000000;1883,800000;257,100000;401,000000;996,300000;3362,900000;2591,900000;435,000000
01/01/2018 0:00:00;726,600000;3564,700000;2726,400000;3232,300000;479,800000;477,600000;174,300000;250,900000;1006,400000;971,500000;196,100000;2620,000000;1511,600000;696,800000;435,700000;674,600000;2229,400000;3677,600000;3400,600000;2403,100000;3877,500000;3097,300000;3362,300000;2531,200000;371,600000;233,700000;2165,900000;3476,700000;922,600000;1161,900000;530,100000
01/02/2018 0:00:00;255,400000;506,700000;1446,600000;2256,000000;478,300000;267,900000;1024,600000;2549,900000;4046,200000;2192,700000;3852,800000;998,300000;4493,600000;4716,200000;2568,700000;2712,200000;631,400000;489,500000;2075,800000;3737,200000;1831,500000;437,200000;384,400000;2651,200000;875,700000;5310,000000;4206,300000;3308,700000;;;
01/03/2018 0:00:00;872,000000;733,200000;761,200000;1730,500000;2098,900000;2404,700000;961,800000;5699,000000;2322,800000;486,700000;341,200000;1997,400000;5219,900000;5502,400000;878,900000;5202,900000;1564,800000;393,900000;2297,400000;1945,600000;4371,700000;6360,200000;6397,500000;4085,300000;4963,100000;6168,800000;5561,900000;5359,500000;2962,800000;3442,400000;2064,100000
01/04/2018 0:00:00;7075,000000;5978,800000;2496,200000;717,800000;4971,300000;6245,700000;6329,400000;6079,300000;1293,000000;2065,900000;1057,500000;2988,900000;4329,500000;6476,500000;1385,100000;6151,300000;6700,800000;6922,800000;7002,500000;7088,300000;7072,000000;7066,100000;6255,500000;6519,700000;7073,100000;6946,000000;4048,700000;5798,100000;4970,700000;7591,200000;
01/05/2018 0:00:00;2302,200000;971,900000;1790,600000;3966,800000;5054,200000;6800,600000;3914,200000;6238,500000;3863,400000;4857,100000;6587,000000;6307,300000;6700,800000;5673,700000;2836,200000;7019,600000;5813,900000;7591,200000;7323,600000;6943,600000;5705,900000;1573,400000;5939,000000;6679,800000;7581,700000;6968,800000;5257,000000;4887,900000;6028,700000;3925,400000;5308,700000
01/06/2018 0:00:00;7145,000000;7620,700000;7162,400000;3488,800000;7474,400000;5476,300000;5871,900000;5019,100000;7255,900000;7500,200000;4615,800000;5567,300000;5554,900000;6385,900000;7480,200000;7603,000000;7254,900000;6556,800000;7496,900000;6982,900000;7351,200000;6629,100000;7811,400000;7201,200000;6904,800000;7605,700000;7691,200000;6554,600000;7604,000000;7520,200000;
01/07/2018 0:00:00;7347,600000;6941,200000;7035,200000;7605,600000;5674,600000;7119,700000;7290,700000;7398,800000;7543,800000;6397,800000;2893,700000;5070,400000;6558,900000;6785,400000;7029,000000;3032,000000;7574,800000;7493,100000;7323,500000;6903,100000;3494,600000;7441,500000;7445,000000;6978,300000;7053,800000;6279,800000;7252,100000;5934,500000;7117,400000;7076,200000;7037,600000
01/08/2018 0:00:00;5901,400000;6227,200000;6675,000000;6976,500000;6971,900000;4855,200000;5188,700000;5967,300000;6678,100000;6184,200000;6721,400000;5064,100000;4719,900000;2193,800000;7009,600000;5643,400000;6922,000000;6786,800000;6688,000000;6667,600000;6088,500000;5769,600000;5789,300000;5104,800000;4049,800000;6930,400000;6902,500000;6622,200000;6308,900000;6280,000000;2512,000000
01/09/2018 0:00:00;5343,000000;2608,800000;6003,300000;6318,300000;6440,400000;5029,300000;5584,800000;6358,600000;6172,600000;5960,400000;5755,900000;5952,500000;4470,800000;4599,500000;4424,500000;4859,500000;4098,600000;4549,400000;5085,000000;5555,900000;5596,800000;4535,600000;5555,500000;5859,500000;6155,700000;6034,800000;5991,000000;5943,500000;5718,200000;5590,700000;
01/10/2018 0:00:00;687,100000;5542,600000;5542,300000;5476,600000;4582,700000;608,300000;5020,400000;5021,600000;4261,200000;4274,800000;595,300000;4218,100000;4387,000000;4609,600000;2201,200000;1213,700000;1557,300000;3136,200000;4287,500000;4340,700000;2852,500000;4960,100000;4711,400000;4812,200000;3058,700000;1219,000000;277,900000;1262,400000;111,800000;2887,800000;955,000000
01/11/2018 0:00:00;1010,700000;398,200000;515,800000;971,600000;839,900000;1332,700000;955,700000;2745,800000;1141,500000;654,600000;317,800000;711,600000;1643,200000;437,600000;674,200000;2835,900000;2731,700000;3637,100000;1963,300000;283,400000;2012,000000;1339,200000;198,700000;557,900000;492,300000;3246,700000;2295,700000;3570,500000;2237,900000;598,700000;
01/12/2018 0:00:00;2800,600000;328,700000;2038,400000;3029,500000;2801,400000;420,600000;2112,700000;3688,700000;2413,600000;3647,900000;3681,200000;1989,400000;359,300000;3029,600000;2997,600000;223,700000;1396,600000;425,000000;227,400000;897,000000;692,800000;1419,800000;351,500000;1855,700000;2488,200000;436,900000;595,000000;2481,600000;2999,800000;2648,300000;3172,200000
01/01/2017 0:00:00;81,081620;85,998277;84,994987;85,171542;83,186212;82,206272;86,440777;86,987317;83,716656;93,905422;88,507357;86,679035;87,451722;84,985499;90,905316;87,643409;94,740050;92,272018;92,142706;87,309513;88,253735;89,716295;93,815533;94,449270;87,921455;87,562428;89,549292;96,768469;89,623059;93,612473;87,886151
01/02/2017 0:00:00;84,673368;87,319851;93,333485;85,691917;83,210948;96,882547;90,647038;91,588888;93,282242;94,568040;92,776446;92,117322;84,223173;93,270817;91,767771;91,258657;90,609517;90,689072;93,343517;94,644416;95,495347;93,887411;92,598588;93,951763;90,885373;91,003064;89,437386;92,013281;;;
01/03/2017 0:00:00;91,365602;92,492416;94,214150;94,926005;91,021180;93,217279;93,495449;89,517510;90,244452;88,042889;90,202904;91,099090;90,450346;88,684395;89,726262;87,719780;87,682386;90,026114;91,657690;90,118716;89,638009;92,043165;93,227557;94,683641;89,521705;87,925346;90,312384;87,917236;86,914167;86,209699;85,596047
01/04/2017 0:00:00;86,218293;93,194477;88,604071;86,555416;94,813464;87,429384;87,568695;86,292964;86,161932;85,706030;84,944995;86,110895;84,046497;84,394575;84,475153;85,248571;86,819454;87,572993;84,191823;85,071938;85,139534;84,062044;83,428483;86,254638;87,106179;91,907740;92,205397;88,086880;84,007349;84,380149;
01/05/2017 0:00:00;92,140177;84,823340;96,351535;87,567439;86,098172;95,250846;98,839898;90,740203;90,184889;91,147383;96,005900;90,595053;84,882506;81,869623;84,623541;83,378979;84,370892;86,048207;93,316371;87,826924;85,531509;84,608504;83,270370;87,186113;86,878285;85,370430;83,190396;82,683038;82,742749;82,313920;82,627229
01/06/2017 0:00:00;82,660233;82,608793;81,626045;83,887000;85,187870;87,676099;82,856996;85,711847;82,775687;81,013805;80,820526;80,228513;0,000000;81,446786;81,901070;82,411330;82,220001;82,132549;81,155535;80,796459;80,692879;80,805997;81,038815;80,712701;86,587751;84,240356;85,323982;79,455570;84,639236;85,080374;
01/07/2017 0:00:00;80,430180;82,202827;81,564537;81,004553;81,181454;79,992625;80,109315;79,267343;81,279112;79,317533;81,705855;81,140419;80,030812;85,080954;81,739643;81,943575;81,002085;80,424641;81,521995;84,387919;80,035522;81,334858;79,900695;83,588739;82,596836;84,658986;82,946182;81,811637;80,382548;82,115525;81,886109
01/08/2017 0:00:00;81,515540;81,078956;80,406090;80,095624;79,780097;81,316605;83,064539;83,421659;82,132262;83,487610;84,028032;84,032269;81,716315;82,250515;81,812150;82,035668;0,000000;81,383473;83,278908;83,482432;82,113497;83,752998;83,052466;82,910908;81,927498;82,794541;81,423067;82,935761;82,461087;81,726708;82,090066
01/09/2017 0:00:00;83,703062;89,508227;85,222153;87,065586;84,134430;85,461082;81,998931;84,474912;85,331190;86,236515;91,960618;86,760373;85,929305;86,112412;88,147077;86,909222;83,904928;90,170708;85,936390;83,731651;82,853091;83,927550;84,771167;83,464067;84,819267;86,629990;85,811210;87,908695;88,544991;86,967560;
01/10/2017 0:00:00;87,480507;88,512303;87,616251;86,720267;85,918261;85,604983;87,637709;88,136208;86,868273;87,183922;86,731464;86,952495;86,379836;85,778617;85,072029;85,168571;86,484608;85,652097;86,483591;84,232457;88,154214;81,344344;89,419386;87,394365;88,674814;88,627868;90,142152;89,185336;89,340749;89,407968;88,721358
01/11/2017 0:00:00;87,776863;90,244179;86,796135;85,331800;89,312578;83,317209;87,347655;88,833214;84,146488;90,639565;86,899334;89,610162;88,639486;90,063384;87,346427;90,084693;86,807246;86,938591;86,612844;88,817969;86,149516;87,826643;88,904102;81,435870;54,173317;87,023109;83,279181;82,012210;82,041896;85,713378;
01/12/2017 0:00:00;92,357424;93,494746;82,698044;81,836445;81,430228;82,478112;83,642711;86,239023;78,430413;71,591956;12,011857;62,693392;83,177253;86,456842;89,928786;88,526320;83,475567;81,728390;79,290547;88,456364;84,070211;95,529712;84,118409;79,244840;80,500847;83,246198;90,728651;93,269029;81,216897;85,644295;87,484273
01/01/2018 0:00:00;87,325674;79,170456;85,273546;83,342436;92,540104;89,695540;80,150978;83,957493;86,599750;77,492392;79,963746;88,872523;90,577211;98,872343;88,757434;89,805159;89,728544;86,025491;89,516016;86,246051;87,454739;87,891501;88,315286;90,232708;86,493546;80,800671;91,735614;90,897191;91,988158;90,418723;89,855976
01/02/2018 0:00:00;82,928594;90,688302;93,374856;92,611416;92,962203;87,577330;92,054567;92,235419;90,558869;91,186364;92,739338;91,680904;92,609964;91,478006;93,991510;95,607301;95,156213;92,464955;91,584602;91,531227;95,921862;89,963624;74,028098;94,772780;20,453290;89,484957;91,258995;95,699800;;;
01/03/2018 0:00:00;0,259570;4,326980;5,493718;39,781740;98,661097;99,752086;95,083006;91,548789;92,187696;92,905422;89,219104;94,778128;91,866217;89,552422;98,816386;91,637206;95,292160;92,543006;99,867673;96,912457;96,532500;92,789465;92,133624;93,184456;94,005822;90,959257;90,242249;89,318968;92,520163;91,773785;96,935877
01/04/2018 0:00:00;91,573848;89,968476;95,911277;94,459932;91,813839;89,140067;90,493268;90,492915;97,008725;95,155893;97,299526;94,656972;90,805603;88,487749;99,629117;88,543360;87,315468;86,359793;85,563399;85,005637;84,334258;84,908268;86,309206;84,994862;83,979101;83,627902;90,433297;82,080500;87,729680;83,950834;
01/05/2018 0:00:00;94,561482;96,397069;93,468944;89,428715;84,198971;83,903979;91,717811;84,660116;93,587478;86,385789;82,940114;82,911849;83,031096;87,946066;97,369563;85,134536;88,002902;84,157596;84,066546;83,062034;84,650198;95,681616;85,275752;82,848292;82,286312;83,437890;81,389846;86,861726;83,924473;86,480203;85,737372
01/06/2018 0:00:00;82,408005;81,657777;82,603089;84,426007;82,249825;84,684698;80,408749;87,945311;79,910403;80,288768;84,579215;82,683982;87,294605;83,403251;82,479217;81,506739;81,660374;83,258746;80,371130;81,628508;79,409498;83,763473;81,383362;82,803144;85,297872;81,560253;80,683010;80,953783;80,578135;79,228047;
01/07/2018 0:00:00;79,843824;80,457983;79,094449;80,203572;80,307083;81,415638;79,422095;79,732631;80,114445;80,934013;89,156643;84,708602;80,483200;79,810122;80,183053;79,609704;80,646765;78,583614;79,569505;78,944393;85,824437;79,461606;78,620334;78,797147;78,173630;78,943819;78,103664;76,121656;77,376549;76,282780;75,856523
01/08/2018 0:00:00;76,688824;78,926588;78,976604;78,073394;78,056250;77,213468;80,252174;79,914197;78,893825;82,012819;79,318001;80,675572;79,933928;88,921537;80,714644;83,201596;80,605035;80,493478;80,291675;80,042041;81,839863;91,328280;90,523343;79,378163;84,603459;83,101378;82,994855;81,993838;82,183867;81,516845;83,576569
01/09/2018 0:00:00;85,623796;91,829908;84,082388;82,736964;82,842087;81,046404;84,916414;85,237722;84,718166;84,924758;84,489897;83,847466;87,469248;84,365869;87,338779;85,544429;89,046199;88,028081;86,268500;85,871040;85,862741;86,328384;86,159081;86,438448;89,150973;89,495767;87,370388;87,051647;87,346661;88,039131;
01/10/2018 0:00:00;89,634880;89,163328;89,492862;88,855015;88,414309;89,272180;88,564076;87,856453;87,746934;87,908723;90,162052;88,379617;86,490149;87,038649;98,369350;88,947411;90,292330;88,863554;87,772086;87,666580;89,069413;89,251747;89,647161;88,953718;90,048806;90,773635;83,184178;92,088339;75,505889;92,390468;92,364180
01/11/2018 0:00:00;91,007665;87,285177;86,944574;91,248221;89,205778;91,214941;90,782325;89,771107;90,575090;89,918811;84,159300;87,325747;89,370395;82,360184;88,873283;91,785019;93,487694;88,111749;87,263625;88,613876;91,073227;92,822564;83,978140;90,000901;90,499443;87,671152;87,888763;84,243202;93,464909;95,382915;
01/12/2018 0:00:00;86,961222;93,040950;92,373006;83,387812;84,444923;87,462297;87,777311;78,074275;86,284401;78,067637;78,432922;76,255732;90,301333;64,844432;84,265310;0,000000;0,000000;0,113500;152,632893;72,176271;3,165343;90,642258;84,398430;86,428787;89,561133;87,435045;93,232098;89,582518;82,980176;83,612990;81,988949
